id;slug;nome;citta;indirizzo;disciplina;website;source_url;extracted_topics;extracted_amounts;proposed_price_info;proposed_courses_info;proposed_hours_info;proposed_contact_info;proposed_editorial_evidence;risk;needs_review;decisione_consigliata;score
csv-2;;1CYCLE;Massagno;Via S. Gottardo 99;Fitness;http://1cycle.ch/;https://www.1cycle.ch/contatti/;prezzi_abbonamenti | corsi_discipline | orari | contatti_sede;CHF 0.00;"Contatti per 1Cycle: compila il form, ti risponderemo il prima possibile Vai al contenuto CHF 0.00 0 Carrello Workouts Ride Flow Personal Training Private & Corporate Studio Filosofia Gadgets News & Blog Crediti Prenota Menu Workouts Ride Flow Personal Training Private & Corporate Studio Filosofia Gadgets News & Blog Crediti Prenota Cerca Cerca Chiudi questo box di ricerca. Cerca Cerca Chiudi questo box di ricerca. Workouts Ride Flow Personal Training Private & Corporate Istruttori Studio Filosofia Prenota Gadgets Crediti Contatti It’s my time F.A.Q. Salute e sicurezza Menu Workouts Ride Flow Personal Training Private & Corporate Istruttori S";"Contatti per 1Cycle: compila il form, ti risponderemo il prima possibile Vai al contenuto CHF 0.00 0 Carrello Workouts Ride Flow Personal Training Private & Corporate Studio Filosofia Gadgets News & Blog Crediti Prenota Menu Workouts Ride Flow Personal Training Private & Corporate Studio Filosofia Gadgets News & Blog Crediti Prenota Cerca Cerca Chiudi questo box di ricerca. Cerca Cerca Chiudi questo box di ricerca. Workouts Ride Flow Personal Training Private & Corporate Istruttori Studio Filosofia Prenota Gadgets Crediti Contatti It’s my time F.A.Q. Salute e sicurezza Menu Workouts Ride Flow Personal Training Private & Corporate Istruttori S";"rediti”, inserisci il codice PROMOSTART per te subito il 50% di sconto direttamente nel carrello. Contatti Home » Contatti Nome Cognome Email Telefono Messaggio Invia Indirizzo Via S. Gottardo 99 6900 Massagno, Svizzera Orari Lun-ven 6:30- 20:00 Sab 6:30 - 12:30 Domenica chiuso Contatti info@1cycle.ch +41 789585282 Company Filosofia It’s my time Contatti F.A.Q. Salute e sicurezza Filosofia It’s my time Contatti F.A.Q. Salute e sicurezza ACTIVITIES Compra Prenota Workouts Compra Prenota Workouts Legal Privacy policy Cookie Policy Termini e condizioni Privacy policy Cookie Policy Termini e condizioni Social News & Blog News & Blog Facebook Inst";"Contatti per 1Cycle: compila il form, ti risponderemo il prima possibile Vai al contenuto CHF 0.00 0 Carrello Workouts Ride Flow Personal Training Private & Corporate Studio Filosofia Gadgets News & Blog Crediti Prenota Menu Workouts Ride Flow Personal Training Private & Corporate Studio Filosofia Gadgets News & Blog Crediti Prenota Cerca Cerca Chiudi questo box di ricerca. Cerca Cerca Chiudi questo box di ricerca. Workouts Ride Flow Personal Training Private & Corporate Istruttori Studio Filosofia Prenota Gadgets Crediti Contatti It’s my time F.A.Q. Salute e sicurezza Menu Workouts Ride Flow Personal Training Pr";"Contatti per 1Cycle: compila il form, ti risponderemo il prima possibile Vai al contenuto CHF 0.00 0 Carrello Workouts Ride Flow Personal Training Private & Corporate Studio Filosofia Gadgets News & Blog Crediti Prenota Menu Workouts Ride Flow Personal Training Private & Corporate Studio Filosofia Gadgets News & Blog Crediti Prenota Cerca Cerca Chiudi questo box di ricerca. Cerca Cerca Chiudi questo box di ricerca. Workouts Ride Flow Personal Training Private & Corporate Istruttori Studio Filosofia Prenota Gadgets Crediti Contatti It’s my time F.A.Q. Salute e sicurezza Menu Workouts Ride Flow Personal Training Private & Corporate Istruttori S";low;true;review_contenuti_estratti;125
csv-4;;1to1 Fitness;Gallarate;"Viale Milano, 2";Fitness;https://www.1to1fitness.it/;https://www.1to1fitness.it/contatti/;corsi_discipline | contatti_sede;;;"Contatti - 1to1 Fitness Segui Segui Presenti a Busto Arsizio e Gallarate dal 2018 - Busto: +3903311882519 - Gallarate: +3903311489128 Home Il nostro metodo I tuoi obiettivi La nostra offerta Perché EMS Testimonianze Contatti Contatti  Telefono Busto: +39 03311882519 Gallarate: +39 03311489128  Email bustoarsizio@1to1fitness.it gallarate@1to1fitness.it  Busto Piazza A. Manzoni, 12, 21052 Busto Arsizio VA  Gallarate Viale Milano 2 angolo via Torino - 21012 Gallarate (VA) Compila il modulo Hai domande, o dubbi sul nostro metodo? Siamo qui per te! Compila il nostro modulo di contatto e facci sapere come possiamo aiutarti. Nome*";;"Contatti - 1to1 Fitness Segui Segui Presenti a Busto Arsizio e Gallarate dal 2018 - Busto: +3903311882519 - Gallarate: +3903311489128 Home Il nostro metodo I tuoi obiettivi La nostra offerta Perché EMS Testimonianze Contatti Contatti  Telefono Busto: +39 03311882519 Gallarate: +39 03311489128  Email bustoarsizio@1to1fitness.it gallarate@1to1fitness.it  Busto Piazza A. Manzoni, 12, 21052 Busto Arsizio VA  Gallarate Viale Milano 2 angolo via Torino - 21012 Gallarate (VA) Compila il modulo Hai domande, o dubbi sul nostro metodo? Siamo qui per te! Compila il nostro modulo di contatto e facci sapere come possiamo";"Contatti - 1to1 Fitness Segui Segui Presenti a Busto Arsizio e Gallarate dal 2018 - Busto: +3903311882519 - Gallarate: +3903311489128 Home Il nostro metodo I tuoi obiettivi La nostra offerta Perché EMS Testimonianze Contatti Contatti  Telefono Busto: +39 03311882519 Gallarate: +39 03311489128  Email bustoarsizio@1to1fitness.it gallarate@1to1fitness.it  Busto Piazza A. Manzoni, 12, 21052 Busto Arsizio VA  Gallarate Viale Milano 2 angolo via Torino - 21012 Gallarate (VA) Compila il modulo Hai domande, o dubbi sul nostro metodo? Siamo qui per te! Compila il nostro modulo di contatto e facci sapere come possiamo aiutarti. Nome*";low;true;review_contenuti_estratti;60
csv-3;;1to1 Fitness;Busto Arsizio;"Piazza A. Manzoni, 12";Fitness;https://www.1to1fitness.it/;https://www.1to1fitness.it/contatti/;corsi_discipline | contatti_sede;;;"Contatti - 1to1 Fitness Segui Segui Presenti a Busto Arsizio e Gallarate dal 2018 - Busto: +3903311882519 - Gallarate: +3903311489128 Home Il nostro metodo I tuoi obiettivi La nostra offerta Perché EMS Testimonianze Contatti Contatti  Telefono Busto: +39 03311882519 Gallarate: +39 03311489128  Email bustoarsizio@1to1fitness.it gallarate@1to1fitness.it  Busto Piazza A. Manzoni, 12, 21052 Busto Arsizio VA  Gallarate Viale Milano 2 angolo via Torino - 21012 Gallarate (VA) Compila il modulo Hai domande, o dubbi sul nostro metodo? Siamo qui per te! Compila il nostro modulo di contatto e facci sapere come possiamo aiutarti. Nome*";;"Contatti - 1to1 Fitness Segui Segui Presenti a Busto Arsizio e Gallarate dal 2018 - Busto: +3903311882519 - Gallarate: +3903311489128 Home Il nostro metodo I tuoi obiettivi La nostra offerta Perché EMS Testimonianze Contatti Contatti  Telefono Busto: +39 03311882519 Gallarate: +39 03311489128  Email bustoarsizio@1to1fitness.it gallarate@1to1fitness.it  Busto Piazza A. Manzoni, 12, 21052 Busto Arsizio VA  Gallarate Viale Milano 2 angolo via Torino - 21012 Gallarate (VA) Compila il modulo Hai domande, o dubbi sul nostro metodo? Siamo qui per te! Compila il nostro modulo di contatto e facci sapere come possiamo";"Contatti - 1to1 Fitness Segui Segui Presenti a Busto Arsizio e Gallarate dal 2018 - Busto: +3903311882519 - Gallarate: +3903311489128 Home Il nostro metodo I tuoi obiettivi La nostra offerta Perché EMS Testimonianze Contatti Contatti  Telefono Busto: +39 03311882519 Gallarate: +39 03311489128  Email bustoarsizio@1to1fitness.it gallarate@1to1fitness.it  Busto Piazza A. Manzoni, 12, 21052 Busto Arsizio VA  Gallarate Viale Milano 2 angolo via Torino - 21012 Gallarate (VA) Compila il modulo Hai domande, o dubbi sul nostro metodo? Siamo qui per te! Compila il nostro modulo di contatto e facci sapere come possiamo aiutarti. Nome*";low;true;review_contenuti_estratti;60
csv-25;;A-CLUB;Savosa;Via centro Sportivo 5;Acquafitness;http://www.a-club.ch/;http://www.a-club.ch/;contatti_sede;;;;;"A-Club WiFi Guest A Benvenuto in A-CLUB WiFi Per accedere alla rete guest di A-CLUB, compila il modulo qui sotto e accetta le condizioni di utilizzo. Nome Cognome Email Dichiaro di aver letto e accettato l’ informativa privacy e autorizzo il trattamento dei miei dati per l’accesso al WiFi guest. Accedi a Internet I dati vengono richiesti esclusivamente per identificazione accessi e gestione del servizio WiFi guest. A-CLUB · WiFi Guest Portal";"A-Club WiFi Guest A Benvenuto in A-CLUB WiFi Per accedere alla rete guest di A-CLUB, compila il modulo qui sotto e accetta le condizioni di utilizzo. Nome Cognome Email Dichiaro di aver letto e accettato l’ informativa privacy e autorizzo il trattamento dei miei dati per l’accesso al WiFi guest. Accedi a Internet I dati vengono richiesti esclusivamente per identificazione accessi e gestione del servizio WiFi guest. A-CLUB · WiFi Guest Portal";low;true;review_contenuti_estratti;25
csv-9;;A. S. D. Il Dojo Nippon Kempo Club;Cassano Magnago;"Via A. De Gasperi, 26";Difesa Personale;http://www.ildojo.it/;;;;;;;;;none;true;nessun_contenuto_estratto;0
csv-10;;A.S.D. Arashi 21100;Varese;"Via Donatello, 1";Judo;https://www.arashi21100.it/;https://www.arashi21100.it/vademecum-iscrizioni-e-norme-generali;prezzi_abbonamenti | corsi_discipline | contatti_sede;;"Vademecum Iscrizioni e norme generali - Arashi 21100 Skip to content Home Chi siamo Discipline Judo Pankration Fit Boxe Close Combat Difesa personale Corsi Spray Peperoncino Emozioni condivise Contatti Vademecum Iscrizioni Vademecum Iscrizioni e norme generali Iscrizioni e tesseramento (Stagione sportiva 2025/2026) Gentili Associati e Amici, di seguito trovate tutte le informazioni per affiliarvi e partecipare alle attività della nostra ASD. Chi può iscriversi Possono aderire all’Associazione Sportiva tutti coloro che ne fanno esplicita richiesta e vengono ritenuti idonei dal Direttivo. Una volta approvati, i soci hanno di";"Vademecum Iscrizioni e norme generali - Arashi 21100 Skip to content Home Chi siamo Discipline Judo Pankration Fit Boxe Close Combat Difesa personale Corsi Spray Peperoncino Emozioni condivise Contatti Vademecum Iscrizioni Vademecum Iscrizioni e norme generali Iscrizioni e tesseramento (Stagione sportiva 2025/2026) Gentili Associati e Amici, di seguito trovate tutte le informazioni per affiliarvi e partecipare alle attività della nostra ASD. Chi può iscriversi Possono aderire all’Associazione Sportiva tutti coloro che ne fanno esplicita richiesta e vengono ritenuti idonei dal Direttivo. Una volta approvati, i soci hanno diritto a partecipare";;"Vademecum Iscrizioni e norme generali - Arashi 21100 Skip to content Home Chi siamo Discipline Judo Pankration Fit Boxe Close Combat Difesa personale Corsi Spray Peperoncino Emozioni condivise Contatti Vademecum Iscrizioni Vademecum Iscrizioni e norme generali Iscrizioni e tesseramento (Stagione sportiva 2025/2026) Gentili Associati e Amici, di seguito trovate tutte le informazioni per affiliarvi e partecipare alle attività della nostra ASD. Chi può iscriversi Possono aderire all’Associazione Sportiva tutti coloro che ne fanno esplicita richiesta e vengono ritenuti idonei dal Direttivo. Una volta approvati, i soci hanno diritto a partecipare";"Vademecum Iscrizioni e norme generali - Arashi 21100 Skip to content Home Chi siamo Discipline Judo Pankration Fit Boxe Close Combat Difesa personale Corsi Spray Peperoncino Emozioni condivise Contatti Vademecum Iscrizioni Vademecum Iscrizioni e norme generali Iscrizioni e tesseramento (Stagione sportiva 2025/2026) Gentili Associati e Amici, di seguito trovate tutte le informazioni per affiliarvi e partecipare alle attività della nostra ASD. Chi può iscriversi Possono aderire all’Associazione Sportiva tutti coloro che ne fanno esplicita richiesta e vengono ritenuti idonei dal Direttivo. Una volta approvati, i soci hanno diritto a partecipare";low;true;review_contenuti_estratti;85
csv-13;;A.S.D. FINK NIPPON KEMPO;Varese;"Via Donatello, 1";Difesa Personale;https://www.asdfink.it/;https://www.asdfink.it/;orari | contatti_sede;;;;". SAWAYAMA A.S.D. NIKENKAI-ROMA C.S.I. BISUSCHIO HARIKEN DOJO GYMNIC CLUB THE FIGHT CLUB GYM OLD STYLE GYM YUKIMURA DOJO DOJO BUSHIDO-KAI YASHIMA YAMATO P/O URBAN FIGHITING A.S.D. SAN MARTINO OR.MA DOJO RONIN Segreteria LUN-VEN dalle 09:30 | 11:30 TELEFONO 3407447706 VIA DONATELLO, 1 21100 - VARESE Contatti tel. +39 3487551040 email: segreteria@asdfink.it web: https://www.asdfink.it A.S.D. FINK A.S.D. FINK - NIPPON KEMPO Sede: Via Donatello, 1 21100 - VARESE *Associazione riconosciuta a livello internazionale dalla Federazione Giapponese asd fink©2026 Tutti i diritti Riservati | Realizzato da iWebStudio";"A.S.D. Fink - Nippon Kempo - Via Donatello, 1 - 21100 - (Varese) 3487551040 segreteria@asdfink.it Facebook Instagram Facebook Instagram Contatti Area Riservata Home La Storia CDA A.S.D. Fink Palestre Cinture Nere Maestri Istruttori Arbitri Attrezzatura Regolamenti Tabelloni Gare Safeguarding Seleziona una pagina A.S.D. FINK NIPPON KEMPO …Sawayama Masaru Muneomi Associazione ITALIANA riconosciuta a livello Internazionale dalla Federazione Giapponese Zenkoku Renmei ASD FINK ha la propria sede presso Via Donatello, 1 - 21100 Varese. Il nostro obbiettivo primario è il benessere dei propri atleti e la divulgazione del NIPPON KEMPO (arte marziale g";"A.S.D. Fink - Nippon Kempo - Via Donatello, 1 - 21100 - (Varese) 3487551040 segreteria@asdfink.it Facebook Instagram Facebook Instagram Contatti Area Riservata Home La Storia CDA A.S.D. Fink Palestre Cinture Nere Maestri Istruttori Arbitri Attrezzatura Regolamenti Tabelloni Gare Safeguarding Seleziona una pagina A.S.D. FINK NIPPON KEMPO …Sawayama Masaru Muneomi Associazione ITALIANA riconosciuta a livello Internazionale dalla Federazione Giapponese Zenkoku Renmei ASD FINK ha la propria sede presso Via Donatello, 1 - 21100 Varese. Il nostro obbiettivo primario è il benessere dei propri atleti e la divulgazione del NIPPON KEMPO (arte marziale g";low;true;review_contenuti_estratti;50
csv-19;;A.S.D. Yogamore;Busto Arsizio;"Viale Sicilia, 6";Yoga;https://yogamore.it/;https://www.yogamore.it/corsi/itinerdante-siamo-inferno/;prezzi_abbonamenti | corsi_discipline | contatti_sede;;"o Yoga Malpensa Centro Yoga Marnate Centro Yoga Olgiate Olona Centro Yoga Samarate Chi Siamo Contatti Dove siamo Eventi Eventi e Seminari Gallery Insegnanti Landing Page Lezioni di Yoga Meditazione e Kriya Yoga Modulo d'Iscrizione Newsletter Operatori Paramhansa Yogananda Swami Kriyananda Video Yogamore Itinerdante: SIAMO INFERNO ItinerDante 👇 https://www.instagram.com/reel/DC7EKsNIXYh/?igsh=MTRjNGZ0Z3hnYndnbg== Con grande entusiasmo la compagnia Naufraghi Inversi, con lo spettacolo teatrale ItinerDante “Siamo Inferno”, si esibirà il prossimo 7 maggio alle ore 21.00 presso il Teatro Lux di Busto Arsizio . Lo spettacolo è prodotto dall'Associ";Itinerdante: SIAMO INFERNO - Yogamore Vai al contenuto Yogamore Home Chi Siamo Attiva/disattiva menu Insegnanti Operatori Video Gallery Lo Yoga Attiva/disattiva menu Ananda Yoga Meditazione e Kriya Yoga Ananda Swami Kriyananda Paramhansa Yogananda Autobiografia di uno Yogi Calendario Attiva/disattiva menu Lezioni di Yoga Eventi e Seminari Dove siamo Contatti Blog Yogamore Main Menu Ananda Ananda Yoga Autobiografia di uno Yogi Blog Calendario Centro Yoga Busto Arsizio Centro Yoga Cairate Centro Yoga Cardano al Campo Centro Yoga Cassano Magnago Centro Yoga Castellanza Centro Yoga Cerro Maggiore Centro Yoga Fagnano Olona Centro Yoga Gorla Maggio;;ery Lo Yoga Attiva/disattiva menu Ananda Yoga Meditazione e Kriya Yoga Ananda Swami Kriyananda Paramhansa Yogananda Autobiografia di uno Yogi Calendario Attiva/disattiva menu Lezioni di Yoga Eventi e Seminari Dove siamo Contatti Blog Yogamore Main Menu Ananda Ananda Yoga Autobiografia di uno Yogi Blog Calendario Centro Yoga Busto Arsizio Centro Yoga Cairate Centro Yoga Cardano al Campo Centro Yoga Cassano Magnago Centro Yoga Castellanza Centro Yoga Cerro Maggiore Centro Yoga Fagnano Olona Centro Yoga Gorla Maggiore Centro Yoga Gorla Minore Centro Yoga In Zona Arluno Centro Yoga In Zona Asse del Sempione Centro Yoga In Zona Busto Garolfo Centr;Itinerdante: SIAMO INFERNO - Yogamore Vai al contenuto Yogamore Home Chi Siamo Attiva/disattiva menu Insegnanti Operatori Video Gallery Lo Yoga Attiva/disattiva menu Ananda Yoga Meditazione e Kriya Yoga Ananda Swami Kriyananda Paramhansa Yogananda Autobiografia di uno Yogi Calendario Attiva/disattiva menu Lezioni di Yoga Eventi e Seminari Dove siamo Contatti Blog Yogamore Main Menu Ananda Ananda Yoga Autobiografia di uno Yogi Blog Calendario Centro Yoga Busto Arsizio Centro Yoga Cairate Centro Yoga Cardano al Campo Centro Yoga Cassano Magnago Centro Yoga Castellanza Centro Yoga Cerro Maggiore Centro Yoga Fagnano Olona Centro Yoga Gorla Maggio;low;true;review_contenuti_estratti;85
csv-21;;AA Special Training;Pregassona;Via Giovanni Maraini 15/a;Boxe;http://aaspecialtraining.ch/;https://aaspecialtraining.ch/i-nostri-corsi/;corsi_discipline | contatti_sede;;;I NOSTRI CORSI - AA Special Training DISCIPLINE CORSI TEAM BUILDING AZIENDALE COMBAT CONDITIONING diventa istruttore Close Corsi Discipline Team building Chi siamo Partners Contatti Diventa istruttore I nostri corsi Attivi Su richiesta Su richiesta Corso di preparazione atletica adulti Per adulti Su richiesta Corso di Padman Adulti Per Adulti Su richiesta Corso di Combat Conditioning Professionisti Per Professionisti Su richiesta Corso di Systema Russo Adulti (16+) Per Adulti (16+) Su richiesta Corso di Muay Thai Adulti (16+) Per Adulti (16+) Su richiesta Corso di Krav Maga Adulti (16+) Per Adulti (16+) Su richiesta Corso;;I NOSTRI CORSI - AA Special Training DISCIPLINE CORSI TEAM BUILDING AZIENDALE COMBAT CONDITIONING diventa istruttore Close Corsi Discipline Team building Chi siamo Partners Contatti Diventa istruttore I nostri corsi Attivi Su richiesta Su richiesta Corso di preparazione atletica adulti Per adulti Su richiesta Corso di Padman Adulti Per Adulti Su richiesta Corso di Combat Conditioning Professionisti Per Professionisti Su richiesta Corso di Systema Russo Adulti (16+) Per Adulti (16+) Su richiesta Corso di Muay Thai Adulti (16+) Per Adulti (16+) Su richiesta Corso di Krav Maga Adulti (16+) Per Adulti (16+) Su richiesta Corso di difesa personale;I NOSTRI CORSI - AA Special Training DISCIPLINE CORSI TEAM BUILDING AZIENDALE COMBAT CONDITIONING diventa istruttore Close Corsi Discipline Team building Chi siamo Partners Contatti Diventa istruttore I nostri corsi Attivi Su richiesta Su richiesta Corso di preparazione atletica adulti Per adulti Su richiesta Corso di Padman Adulti Per Adulti Su richiesta Corso di Combat Conditioning Professionisti Per Professionisti Su richiesta Corso di Systema Russo Adulti (16+) Per Adulti (16+) Su richiesta Corso di Muay Thai Adulti (16+) Per Adulti (16+) Su richiesta Corso di Krav Maga Adulti (16+) Per Adulti (16+) Su richiesta Corso;low;true;review_contenuti_estratti;60
csv-22;;AA Special Training;Lugano;Via Pasquale Lucchini 7;Boxe;https://aaspecialtraining.ch/;https://aaspecialtraining.ch/i-nostri-corsi/;corsi_discipline | contatti_sede;;;I NOSTRI CORSI - AA Special Training DISCIPLINE CORSI TEAM BUILDING AZIENDALE COMBAT CONDITIONING diventa istruttore Close Corsi Discipline Team building Chi siamo Partners Contatti Diventa istruttore I nostri corsi Attivi Su richiesta Su richiesta Corso di preparazione atletica adulti Per adulti Su richiesta Corso di Padman Adulti Per Adulti Su richiesta Corso di Combat Conditioning Professionisti Per Professionisti Su richiesta Corso di Systema Russo Adulti (16+) Per Adulti (16+) Su richiesta Corso di Muay Thai Adulti (16+) Per Adulti (16+) Su richiesta Corso di Krav Maga Adulti (16+) Per Adulti (16+) Su richiesta Corso;;I NOSTRI CORSI - AA Special Training DISCIPLINE CORSI TEAM BUILDING AZIENDALE COMBAT CONDITIONING diventa istruttore Close Corsi Discipline Team building Chi siamo Partners Contatti Diventa istruttore I nostri corsi Attivi Su richiesta Su richiesta Corso di preparazione atletica adulti Per adulti Su richiesta Corso di Padman Adulti Per Adulti Su richiesta Corso di Combat Conditioning Professionisti Per Professionisti Su richiesta Corso di Systema Russo Adulti (16+) Per Adulti (16+) Su richiesta Corso di Muay Thai Adulti (16+) Per Adulti (16+) Su richiesta Corso di Krav Maga Adulti (16+) Per Adulti (16+) Su richiesta Corso di difesa personale;I NOSTRI CORSI - AA Special Training DISCIPLINE CORSI TEAM BUILDING AZIENDALE COMBAT CONDITIONING diventa istruttore Close Corsi Discipline Team building Chi siamo Partners Contatti Diventa istruttore I nostri corsi Attivi Su richiesta Su richiesta Corso di preparazione atletica adulti Per adulti Su richiesta Corso di Padman Adulti Per Adulti Su richiesta Corso di Combat Conditioning Professionisti Per Professionisti Su richiesta Corso di Systema Russo Adulti (16+) Per Adulti (16+) Su richiesta Corso di Muay Thai Adulti (16+) Per Adulti (16+) Su richiesta Corso di Krav Maga Adulti (16+) Per Adulti (16+) Su richiesta Corso;low;true;review_contenuti_estratti;60
csv-27;;ACQUAESSENIA SOCIETA' SPORTIVA DILETTANTISTICA;Gallarate;"Via Magenta, 3";Nuoto;http://www.acquaebenessere.it/;http://www.acquaebenessere.it/servizi;corsi_discipline | orari | contatti_sede;;;Servizi | Acqua e Benessere Home Servizi AREA FITNESS AREA WELLNESS BAMBINI E RAGAZZI PERCORSO NASCITA SERVIZI SPECIALISTICI Programmazione News Contatti Servizi SERVIZI Slide title Write your caption here Button Slide title Write your caption here Button Slide title Write your caption here Button Titolo diapositiva Scrivi qui la tua didascalia Pulsante Titolo diapositiva Scrivi qui la tua didascalia Pulsante Slide title Write your caption here Button Titolo diapositiva Scrivi qui la tua didascalia Pulsante Titolo diapositiva Scrivi qui la tua didascalia Pulsante Titolo diapositiva Scrivi qui la tua didascalia Pulsante Qualit e variet dell of;uici su Contatti Telefono: +39 0331 774471 +39 0331 509248 Cell./WhatsApp: +39 375 655 3402 Email: info@acquaebenessere.it Naviga Home Servizi Programmazione News Contatti Dove siamo Via Magenta 3 - 21013 Gallarate (VA) Orari Orari palesta Orari piscina ACQUAESSENIA SSD A R.L. - P.IVA 03584830123 - Privacy Policy - Note legali - Cookie Policy - Sito creato da register.it Share by:;Servizi | Acqua e Benessere Home Servizi AREA FITNESS AREA WELLNESS BAMBINI E RAGAZZI PERCORSO NASCITA SERVIZI SPECIALISTICI Programmazione News Contatti Servizi SERVIZI Slide title Write your caption here Button Slide title Write your caption here Button Slide title Write your caption here Button Titolo diapositiva Scrivi qui la tua didascalia Pulsante Titolo diapositiva Scrivi qui la tua didascalia Pulsante Slide title Write your caption here Button Titolo diapositiva Scrivi qui la tua didascalia Pulsante Titolo diapositiva Scrivi qui la tua didascalia Pulsante Titolo diapositiva Scrivi qui la tua didascalia Pulsante Qualit e variet dell of;Servizi | Acqua e Benessere Home Servizi AREA FITNESS AREA WELLNESS BAMBINI E RAGAZZI PERCORSO NASCITA SERVIZI SPECIALISTICI Programmazione News Contatti Servizi SERVIZI Slide title Write your caption here Button Slide title Write your caption here Button Slide title Write your caption here Button Titolo diapositiva Scrivi qui la tua didascalia Pulsante Titolo diapositiva Scrivi qui la tua didascalia Pulsante Slide title Write your caption here Button Titolo diapositiva Scrivi qui la tua didascalia Pulsante Titolo diapositiva Scrivi qui la tua didascalia Pulsante Titolo diapositiva Scrivi qui la tua didascalia Pulsante Qualit e variet dell of;low;true;review_contenuti_estratti;85
csv-38;;Alessandro Avetti Pilates;Casciago;"Via Matteotti, 84";Pilates;http://www.alessandroavettipilates.com/;https://www.alessandroavettipilates.com/orari;corsi_discipline | orari | contatti_sede;;;"--> Orari | Alessandro Avetti Pilates top of page ALESSANDRO AVETTI PILATES Home Info Chi è Alessandro Lo Studio Storia di Pilates Lezioni Yoga Recensioni FAQ Orari Contatti Altro Use tab to navigate through the menu items. ORARI Si riceve su appuntamento (anche per informazioni) Luned - venerd : 08,30 - 20,30 Sabato e domenica: aperto per eventi/masterclass/workshop alessandro.avetti@gmail.com 2025 Alessandro Avetti Pilates bottom of page";"--> Orari | Alessandro Avetti Pilates top of page ALESSANDRO AVETTI PILATES Home Info Chi è Alessandro Lo Studio Storia di Pilates Lezioni Yoga Recensioni FAQ Orari Contatti Altro Use tab to navigate through the menu items. ORARI Si riceve su appuntamento (anche per informazioni) Luned - venerd : 08,30 - 20,30 Sabato e domenica: aperto per eventi/masterclass/workshop alessandro.avetti@gmail.com 2025 Alessandro Avetti Pilates bottom of page";"--> Orari | Alessandro Avetti Pilates top of page ALESSANDRO AVETTI PILATES Home Info Chi è Alessandro Lo Studio Storia di Pilates Lezioni Yoga Recensioni FAQ Orari Contatti Altro Use tab to navigate through the menu items. ORARI Si riceve su appuntamento (anche per informazioni) Luned - venerd : 08,30 - 20,30 Sabato e domenica: aperto per eventi/masterclass/workshop alessandro.avetti@gmail.com 2025 Alessandro Avetti Pilates bottom of page";"--> Orari | Alessandro Avetti Pilates top of page ALESSANDRO AVETTI PILATES Home Info Chi è Alessandro Lo Studio Storia di Pilates Lezioni Yoga Recensioni FAQ Orari Contatti Altro Use tab to navigate through the menu items. ORARI Si riceve su appuntamento (anche per informazioni) Luned - venerd : 08,30 - 20,30 Sabato e domenica: aperto per eventi/masterclass/workshop alessandro.avetti@gmail.com 2025 Alessandro Avetti Pilates bottom of page";low;true;review_contenuti_estratti;85
csv-40;;AliZStudio di Vera Viligiardi - Fitness with Vera;Mendrisio;Via Giuseppe Buffi 6;Fitness;https://www.fitnesswithvera.ch/;https://www.fitnesswithvera.ch/fitness-with-vera-zumba;prezzi_abbonamenti | corsi_discipline | contatti_sede;CHF 5 | CHF 80 | CHF 20 | CHF 150 | CHF 200 | CHF 50 | CHF 400;"perienza e che instancabilmente vogliono continuare a divertirsi Zumba Live rivolto ad adulti di ogni et e livello, in piccoli gruppi. Grazie alla collaborazione con la SFG Mendrisio, si tiene tutto l'anno scolastico, a prezzo ridotto, presso la Palestra del Centro Scolastico a Rancate, Ticino, in via Molino Nuovo, a 2 passi dalla chiesa di Santo Stefano. Gli appuntamenti sono ogni gioved dalle 18:45 alle 19:45. Attenzione: se partecipi alle lezioni a Rancate, contatta la signora Tessa Binaghi della SFG, i recapiti sono: Telefono: 079 316 36 41 Email: tessa-gabri@bluewin.ch Per altri corsi: Se acquisti uno di questi piani, considera che acqui";"Lezioni di zumba e gag | Mendrisio | Fitness with Vera Chi sono Fitness with Vera Contatto info@fitnesswithvera.ch Chi sono Fitness with Vera Contatto Corsi di Zumba e GAG a Mendrisio Da AliZ Studio di Vera Viligiardi a Mendrisio ho creato uno spazio accogliente dove tutti possono sentirsi a loro agio: donne, bambini, neomamme, uomini e anziani possono ritrovare il loro benessere fisico e mentale in un ambiente non giudicante dove ci che conta non la performance, ma la salute. Scopri i corsi di Zumba , GAG e i percorsi personalizzati di personal training per ricominciare a vivere in piena serenit il tuo corpo! Co";;"no Nuovo, a 2 passi dalla chiesa di Santo Stefano. Gli appuntamenti sono ogni gioved dalle 18:45 alle 19:45. Attenzione: se partecipi alle lezioni a Rancate, contatta la signora Tessa Binaghi della SFG, i recapiti sono: Telefono: 079 316 36 41 Email: tessa-gabri@bluewin.ch Per altri corsi: Se acquisti uno di questi piani, considera che acquisti a tutti gli effetti un pacchetto lezioni. Se salti una lezione non ti sar conteggiata solo se darai preavviso della tua assenza entro 24 ore dalla lezione. Corsi GAG Live Tonifichiamo e rassodiamo gambe, addominali e glutei in un unico allenamento! I corsi di GAG Live sono perfetti per chi vuole ridise";"Lezioni di zumba e gag | Mendrisio | Fitness with Vera Chi sono Fitness with Vera Contatto info@fitnesswithvera.ch Chi sono Fitness with Vera Contatto Corsi di Zumba e GAG a Mendrisio Da AliZ Studio di Vera Viligiardi a Mendrisio ho creato uno spazio accogliente dove tutti possono sentirsi a loro agio: donne, bambini, neomamme, uomini e anziani possono ritrovare il loro benessere fisico e mentale in un ambiente non giudicante dove ci che conta non la performance, ma la salute. Scopri i corsi di Zumba , GAG e i percorsi personalizzati di personal training per ricominciare a vivere in piena serenit il tuo corpo! Co";medium;true;review_contenuti_estratti;190
csv-42;;AMAFIT Pilates;Busto Arsizio;"Via XI Febbraio, 2A";Pilates;http://amafitpilates.it/;;;;;;;;;none;true;nessun_contenuto_estratto;0
csv-44;;anantayoga;Lugano;Via Pico 28;Yoga;http://www.anantayoga.yoga/;https://www.anantayoga.yoga/cose-lo-yoga-2-2-2-2-2-2/;prezzi_abbonamenti | corsi_discipline | orari | contatti_sede;;"Orari e Prezzi - anantayoga - un atelier per lo yoga a lugano Vai al contenuto Cos’è lo Yoga Metodo Insegnanti Orari e Prezzi Eventi Gallery Contatti Cos’è lo Yoga Metodo Insegnanti Orari e Prezzi Eventi Gallery Contatti Orari lunedì 09.00-10.30 classe generale (Marco) 13:00-14:00 classe generale (Marco) ​​16.00-17.30 yoga gentile (Marco) 18.30-20.00 livello 1 (Marco)​ martedì mercoledì 09.30-11.00 ​classe generale (Marco) 12.45-13.45 classe generale (Marco) 18:30-20:00 classe generale (Marco) giovedì 08.00-09.00 Mudra, lo yoga delle mani (meditazione) * quindicinale (Marco) ​ ​09.00-10.00 pranayama * quindicinale (Marco";"Orari e Prezzi - anantayoga - un atelier per lo yoga a lugano Vai al contenuto Cos’è lo Yoga Metodo Insegnanti Orari e Prezzi Eventi Gallery Contatti Cos’è lo Yoga Metodo Insegnanti Orari e Prezzi Eventi Gallery Contatti Orari lunedì 09.00-10.30 classe generale (Marco) 13:00-14:00 classe generale (Marco) ​​16.00-17.30 yoga gentile (Marco) 18.30-20.00 livello 1 (Marco)​ martedì mercoledì 09.30-11.00 ​classe generale (Marco) 12.45-13.45 classe generale (Marco) 18:30-20:00 classe generale (Marco) giovedì 08.00-09.00 Mudra, lo yoga delle mani (meditazione) * quindicinale (Marco) ​ ​09.00-10.00 pranayama * quindicinale (Marco) 18.30-20.00 livello";"Orari e Prezzi - anantayoga - un atelier per lo yoga a lugano Vai al contenuto Cos’è lo Yoga Metodo Insegnanti Orari e Prezzi Eventi Gallery Contatti Cos’è lo Yoga Metodo Insegnanti Orari e Prezzi Eventi Gallery Contatti Orari lunedì 09.00-10.30 classe generale (Marco) 13:00-14:00 classe generale (Marco) ​​16.00-17.30 yoga gentile (Marco) 18.30-20.00 livello 1 (Marco)​ martedì mercoledì 09.30-11.00 ​classe generale (Marco) 12.45-13.45 classe generale (Marco) 18:30-20:00 classe generale (Marco) giovedì 08.00-09.00 Mudra, lo yoga delle mani (meditazione) * quindicinale (Marco) ​ ​09.00-10.00 pranayama * quindicinal";"Orari e Prezzi - anantayoga - un atelier per lo yoga a lugano Vai al contenuto Cos’è lo Yoga Metodo Insegnanti Orari e Prezzi Eventi Gallery Contatti Cos’è lo Yoga Metodo Insegnanti Orari e Prezzi Eventi Gallery Contatti Orari lunedì 09.00-10.30 classe generale (Marco) 13:00-14:00 classe generale (Marco) ​​16.00-17.30 yoga gentile (Marco) 18.30-20.00 livello 1 (Marco)​ martedì mercoledì 09.30-11.00 ​classe generale (Marco) 12.45-13.45 classe generale (Marco) 18:30-20:00 classe generale (Marco) giovedì 08.00-09.00 Mudra, lo yoga delle mani (meditazione) * quindicinale (Marco) ​ ​09.00-10.00 pranayama * quindicinale (Marco) 18.30-20.00 livello";"Orari e Prezzi - anantayoga - un atelier per lo yoga a lugano Vai al contenuto Cos’è lo Yoga Metodo Insegnanti Orari e Prezzi Eventi Gallery Contatti Cos’è lo Yoga Metodo Insegnanti Orari e Prezzi Eventi Gallery Contatti Orari lunedì 09.00-10.30 classe generale (Marco) 13:00-14:00 classe generale (Marco) ​​16.00-17.30 yoga gentile (Marco) 18.30-20.00 livello 1 (Marco)​ martedì mercoledì 09.30-11.00 ​classe generale (Marco) 12.45-13.45 classe generale (Marco) 18:30-20:00 classe generale (Marco) giovedì 08.00-09.00 Mudra, lo yoga delle mani (meditazione) * quindicinale (Marco) ​ ​09.00-10.00 pranayama * quindicinale (Marco) 18.30-20.00 livello";low;true;review_contenuti_estratti;110
csv-45;;ANDREA FONTANELLA;Casciago;"Via della Valle, 10";Fitness;http://andreafontanella.com/;;;;;;;;;none;true;nessun_contenuto_estratto;0
csv-47;;Anytime Fitness Saronno;Saronno;"Via Valletta, 2";Fitness;https://www.anytimefitness.it/gyms/it-0053/saronno-va-21047/;https://www.anytimefitness.it/gyms/it-0053/saronno-va-21047/;prezzi_abbonamenti | corsi_discipline | orari | contatti_sede;;"enta felice e determinato. Hai una domanda? Contattaci! Il nostro staff Benvenuto in Anytime Fitness! Il nostro staff la aiuterà durante il suo percorso di fitness, dandole tutto il supporto di cui potrà aver bisogno. L'iscrizione comprende l'acceso a più di 4900 palestre in tutto il mondo, aperte 24/7. Visiti il nostro club durante le ore in cui lo staff è presente o chiami per un appuntamento. Angela Amatore Manager Matteo Caminati Regional Manager Stefania Andriotto Trainer Massimiliano Banfi Trainer Mattia Bettini Trainer Alessandro Costantini Trainer Simona Falci Trainer Gabriele Franzato Trainer Mattia Girola Trainer Alice Monti Trainer";"Anytime Fitness - Palestra a Saronno, VA 21047 Skip navigation Toggle navigation Trova una Palestra Apri la tua Palestra Perché Anytime Fitness Lavora con noi Blog INGRESSO OMAGGIO Unisciti alla nostra community globale Ottieni un piano personalizzato, adatto alle tue esigenze ed in linea con i tuoi obiettivi. Saronno Via Valletta,1 Saronno VA 21047 Orari Staff Contatti — E-mail o 3513088497 Benvenuto in Anytime Fitness Saronno! Il n ostro supporto inizia da subito: personal trainer ed assistenti di sala sono pronti a sviluppare un piano personalizzato per garantirti un’esperienza di fitness totalizzante progettata sul t";"ime Fitness Lavora con noi Blog INGRESSO OMAGGIO Unisciti alla nostra community globale Ottieni un piano personalizzato, adatto alle tue esigenze ed in linea con i tuoi obiettivi. Saronno Via Valletta,1 Saronno VA 21047 Orari Staff Contatti — E-mail o 3513088497 Benvenuto in Anytime Fitness Saronno! Il n ostro supporto inizia da subito: personal trainer ed assistenti di sala sono pronti a sviluppare un piano personalizzato per garantirti un’esperienza di fitness totalizzante progettata sul tuo corpo, sul tuo livello di preparazione e sugli obiettivi da raggiungere. I nostri servizi sono accessibili sempre e dovunque, dentro e fuori dalla pale";"Lavora con noi Blog INGRESSO OMAGGIO Unisciti alla nostra community globale Ottieni un piano personalizzato, adatto alle tue esigenze ed in linea con i tuoi obiettivi. Saronno Via Valletta,1 Saronno VA 21047 Orari Staff Contatti — E-mail o 3513088497 Benvenuto in Anytime Fitness Saronno! Il n ostro supporto inizia da subito: personal trainer ed assistenti di sala sono pronti a sviluppare un piano personalizzato per garantirti un’esperienza di fitness totalizzante progettata sul tuo corpo, sul tuo livello di preparazione e sugli obiettivi da raggiungere. I nostri servizi sono accessibili sempre e dovunque, dentro e fuori dalla palestra. Il pri";"Anytime Fitness - Palestra a Saronno, VA 21047 Skip navigation Toggle navigation Trova una Palestra Apri la tua Palestra Perché Anytime Fitness Lavora con noi Blog INGRESSO OMAGGIO Unisciti alla nostra community globale Ottieni un piano personalizzato, adatto alle tue esigenze ed in linea con i tuoi obiettivi. Saronno Via Valletta,1 Saronno VA 21047 Orari Staff Contatti — E-mail o 3513088497 Benvenuto in Anytime Fitness Saronno! Il n ostro supporto inizia da subito: personal trainer ed assistenti di sala sono pronti a sviluppare un piano personalizzato per garantirti un’esperienza di fitness totalizzante progettata sul t";low;true;review_contenuti_estratti;100
csv-49;;AR Studio Personal;Lugano;"C/O Fisioterapia Artemisia - Stabile Bettydo, Via Cantonale 19";Fitness;https://www.arstudiopersonal.ch/;https://www.arstudiopersonal.ch/pricing;prezzi_abbonamenti | corsi_discipline | contatti_sede;30 chf | 270 chf | 500 chf | 720 chf | 90 chf | 800 chf | 1500 chf | 2100 chf;Prezzi AR Studio Personal 0 Passa al contenuto AR Studio Personal Chi sono Lezioni Prezzi Prenota Promo Personal Promo Gruppi Contatti Apri menu Chiudi menu AR Studio Personal Chi sono Lezioni Prezzi Prenota Promo Personal Promo Gruppi Contatti Apri menu Chiudi menu Chi sono Lezioni Prezzi Prenota Promo Personal Promo Gruppi Contatti PILATES AR WALL SYSTEM Gruppi Max 4 Persone Singola Lezione ………………………………………………………… 30 chf Pacchetto 10 lezioni (utilizzare entro 4 mesi)……….……… 270 chf Pacchetto 20 lezioni (utilizzare entro 6 mesi)……………… 500 chf Pacchetto 30 lezioni (utilizzare entro 9 mesi)……………… 720 chf Acquista L;Prezzi AR Studio Personal 0 Passa al contenuto AR Studio Personal Chi sono Lezioni Prezzi Prenota Promo Personal Promo Gruppi Contatti Apri menu Chiudi menu AR Studio Personal Chi sono Lezioni Prezzi Prenota Promo Personal Promo Gruppi Contatti Apri menu Chiudi menu Chi sono Lezioni Prezzi Prenota Promo Personal Promo Gruppi Contatti PILATES AR WALL SYSTEM Gruppi Max 4 Persone Singola Lezione ………………………………………………………… 30 chf Pacchetto 10 lezioni (utilizzare entro 4 mesi)……….……… 270 chf Pacchetto 20 lezioni (utilizzare entro 6 mesi)……………… 500 chf Pacchetto 30 lezioni (utilizzare entro 9 mesi)……………… 720 chf Acquista LEZIONI PRIVATE Pilates & Perso;;Prezzi AR Studio Personal 0 Passa al contenuto AR Studio Personal Chi sono Lezioni Prezzi Prenota Promo Personal Promo Gruppi Contatti Apri menu Chiudi menu AR Studio Personal Chi sono Lezioni Prezzi Prenota Promo Personal Promo Gruppi Contatti Apri menu Chiudi menu Chi sono Lezioni Prezzi Prenota Promo Personal Promo Gruppi Contatti PILATES AR WALL SYSTEM Gruppi Max 4 Persone Singola Lezione ………………………………………………………… 30 chf Pacchetto 10 lezioni (utilizzare entro 4 mesi)……….……… 270 chf Pacchetto 20 lezioni (utilizzare entro 6 mesi)……………… 500 chf Pacchetto 30 lezioni (utilizzare entro 9 mesi)……………… 720 chf Acquista LEZIONI PRIVATE Pilates & Perso;Prezzi AR Studio Personal 0 Passa al contenuto AR Studio Personal Chi sono Lezioni Prezzi Prenota Promo Personal Promo Gruppi Contatti Apri menu Chiudi menu AR Studio Personal Chi sono Lezioni Prezzi Prenota Promo Personal Promo Gruppi Contatti Apri menu Chiudi menu Chi sono Lezioni Prezzi Prenota Promo Personal Promo Gruppi Contatti PILATES AR WALL SYSTEM Gruppi Max 4 Persone Singola Lezione ………………………………………………………… 30 chf Pacchetto 10 lezioni (utilizzare entro 4 mesi)……….……… 270 chf Pacchetto 20 lezioni (utilizzare entro 6 mesi)……………… 500 chf Pacchetto 30 lezioni (utilizzare entro 9 mesi)……………… 720 chf Acquista LEZIONI PRIVATE Pilates & Perso;medium;true;review_contenuti_estratti;205
csv-51;;ArmGym Palestre;Olgiate Olona;"dietro Esselunga, Via S. Giorgio";Fitness;https://www.armgympalestre.com/;https://www.armgympalestre.com/;corsi_discipline | orari | contatti_sede;;;"lenti e risultati ottimali. Attrezzature Made in USA Disponiamo di attrezzi Hammer Strength delle linee MTS e Select, tutte made in USA, sinonimo di affidabilit e tecnologia avanzata. Perfette sia per chi si avvicina al fitness sia per gli atleti pi esperti. Vieni a provare il servizio di massoterapia Il massaggio massoterapico una tecnica terapeutica manuale volta a trattare i muscoli e i tessuti connettivi per alleviare tensioni, dolori e rigidit . I benefici principali sono : -riduzione dolore muscolare e articolare -miglioramento della circolazione sanguigna -riduzione dello stress -prevenzione degli infortuni Prenota la tua prova gratuit";"uigna -riduzione dello stress -prevenzione degli infortuni Prenota la tua prova gratuita lezione di prova Prenota ora I nostri corsi Scarica gratuitamente il nostro planning dei corsi qui! ​ SCARICA Novit yoga Il venerd sera dalle 19 alle 20 Il nostro team Manuel Caldiroli Andrea Assandri Mara Lucchetti Social contattaci Indirizzo dietro Esselunga, Via S. Giorgio, 21057 Olgiate Olona VA Contatti 0331320818 orari luned -venerd 6:00 22:30 sabato 9:00 19:00 armgympalestre@gmail.com domenica 9:00 14:00 ArmGym Palestre Contatti Numero 0331 320818 Email: armgympalestre@gmail.com Dove siamo Via san giorgio 21057 Olgiate Olona VA, Italia privac polic";"--> Home | Armgym Palestre top of page Menu ArmGym Palestre Close Home richiedi informazioni il nostro centro Contatti Armgympalestre via san giorgio olgiate olona ​ ​ armgympalestre@gmail.com 0331320818 Scopri di più Il nostro centro Richiedi informazioni qui nome * cognome * Telefono * scrivi un messaggio * invia La nostra storia Una palestra spaziosa e moderna con 1200 mq dedicati al benessere e al miglioramento fisico. Il luogo ideale per allenarsi, rilassarsi e raggiungere i propri obiettivi. Centro Ufficiale Hammer Strength Siamo orgogliosi di essere un centro ufficiale Hammer Strength, leader mondiale nell attrezzatura per l allenament";"lenti e risultati ottimali. Attrezzature Made in USA Disponiamo di attrezzi Hammer Strength delle linee MTS e Select, tutte made in USA, sinonimo di affidabilit e tecnologia avanzata. Perfette sia per chi si avvicina al fitness sia per gli atleti pi esperti. Vieni a provare il servizio di massoterapia Il massaggio massoterapico una tecnica terapeutica manuale volta a trattare i muscoli e i tessuti connettivi per alleviare tensioni, dolori e rigidit . I benefici principali sono : -riduzione dolore muscolare e articolare -miglioramento della circolazione sanguigna -riduzione dello stress -prevenzione degli infortuni Prenota la tua prova gratuit";low;true;review_contenuti_estratti;75
csv-55;;ASD Judo Bu-sen Tradate;Tradate;"ingresso da, Piazza Mazzini, Piazza Nelson Mandela, 21049";Judo;http://www.judobusentradate.it/;https://www.judobusentradate.it/corsi/;corsi_discipline | orari | contatti_sede;;;"Corsi - Judo Bu Sen Tradate Home Chi siamo Corsi Judo Fitness Olistici Ultime novità Dove siamo Contatti Judo Bu Sen Tradate Home Chi siamo Corsi Judo Fitness Olistici Ultime novità Dove siamo Contatti Corsi ORARI E CORSI Seguendo la tradizione del Bu-Sen, anche il Bu-Sen Tradate nasce inizialmente come luogo in cui praticare Judo. Recentemente sono però stati attivati nuovi corsi che spaziano più ad ampio raggio sia nel mondo delle arti orientali, sia in ambiti di diversa natura che si inseriscono però nell’ottica più generale di poter offrire corsi che possano essere utili al benessere della persona. Orari Segr";"Corsi - Judo Bu Sen Tradate Home Chi siamo Corsi Judo Fitness Olistici Ultime novità Dove siamo Contatti Judo Bu Sen Tradate Home Chi siamo Corsi Judo Fitness Olistici Ultime novità Dove siamo Contatti Corsi ORARI E CORSI Seguendo la tradizione del Bu-Sen, anche il Bu-Sen Tradate nasce inizialmente come luogo in cui praticare Judo. Recentemente sono però stati attivati nuovi corsi che spaziano più ad ampio raggio sia nel mondo delle arti orientali, sia in ambiti di diversa natura che si inseriscono però nell’ottica più generale di poter offrire corsi che possano essere utili al benessere della persona. Orari Segreteria Per qualsiasi tipo di i";"Corsi - Judo Bu Sen Tradate Home Chi siamo Corsi Judo Fitness Olistici Ultime novità Dove siamo Contatti Judo Bu Sen Tradate Home Chi siamo Corsi Judo Fitness Olistici Ultime novità Dove siamo Contatti Corsi ORARI E CORSI Seguendo la tradizione del Bu-Sen, anche il Bu-Sen Tradate nasce inizialmente come luogo in cui praticare Judo. Recentemente sono però stati attivati nuovi corsi che spaziano più ad ampio raggio sia nel mondo delle arti orientali, sia in ambiti di diversa natura che si inseriscono però nell’ottica più generale di poter offrire corsi che possano essere utili al benessere della persona. Orari Segreteria Per qualsiasi tipo di i";"Corsi - Judo Bu Sen Tradate Home Chi siamo Corsi Judo Fitness Olistici Ultime novità Dove siamo Contatti Judo Bu Sen Tradate Home Chi siamo Corsi Judo Fitness Olistici Ultime novità Dove siamo Contatti Corsi ORARI E CORSI Seguendo la tradizione del Bu-Sen, anche il Bu-Sen Tradate nasce inizialmente come luogo in cui praticare Judo. Recentemente sono però stati attivati nuovi corsi che spaziano più ad ampio raggio sia nel mondo delle arti orientali, sia in ambiti di diversa natura che si inseriscono però nell’ottica più generale di poter offrire corsi che possano essere utili al benessere della persona. Orari Segr";low;true;review_contenuti_estratti;85
csv-56;;ASD KOKORO DAI;Cairate;"Via Luigi Cadorna, 1";Boxe;https://www.kokorodai.it/;https://www.kokorodai.it/corsi-discipline-kokoro-dai-varese/;corsi_discipline | orari | contatti_sede;;;"Corsi palestra - Arti marziali e sport da combattimento Varese | Cairate Home Palestra Corsi Istruttori Orari Contatti I nostri corsi scegli la disciplina! Ti aspettiamo PER UNA LEZIONE DI PROVA! Seleziona la disciplina di tuo interesse per avere maggiori informazioni sul corso. I corsi sono aperti a tutti. Adulti, ragazzi e bambini, dal livello amatoriale sino a quello agonistico. Non sai quale disciplina frequentare, vieni a trovarci per renderti conto di persona della struttura e dei corsi. Per qualsiasi informazione non esitare a contattarci. KARATE Arte Marziale Arte Giapponese del combattimento e dell'autod";"Corsi palestra - Arti marziali e sport da combattimento Varese | Cairate Home Palestra Corsi Istruttori Orari Contatti I nostri corsi scegli la disciplina! Ti aspettiamo PER UNA LEZIONE DI PROVA! Seleziona la disciplina di tuo interesse per avere maggiori informazioni sul corso. I corsi sono aperti a tutti. Adulti, ragazzi e bambini, dal livello amatoriale sino a quello agonistico. Non sai quale disciplina frequentare, vieni a trovarci per renderti conto di persona della struttura e dei corsi. Per qualsiasi informazione non esitare a contattarci. KARATE Arte Marziale Arte Giapponese del combattimento e dell'autodifesa. Il corso è rivolto anch";"Corsi palestra - Arti marziali e sport da combattimento Varese | Cairate Home Palestra Corsi Istruttori Orari Contatti I nostri corsi scegli la disciplina! Ti aspettiamo PER UNA LEZIONE DI PROVA! Seleziona la disciplina di tuo interesse per avere maggiori informazioni sul corso. I corsi sono aperti a tutti. Adulti, ragazzi e bambini, dal livello amatoriale sino a quello agonistico. Non sai quale disciplina frequentare, vieni a trovarci per renderti conto di persona della struttura e dei corsi. Per qualsiasi informazione non esitare a contattarci. KARATE Arte Marziale Arte Giapponese del combattimento e dell'autodifesa. Il corso è rivolto anch";"Corsi palestra - Arti marziali e sport da combattimento Varese | Cairate Home Palestra Corsi Istruttori Orari Contatti I nostri corsi scegli la disciplina! Ti aspettiamo PER UNA LEZIONE DI PROVA! Seleziona la disciplina di tuo interesse per avere maggiori informazioni sul corso. I corsi sono aperti a tutti. Adulti, ragazzi e bambini, dal livello amatoriale sino a quello agonistico. Non sai quale disciplina frequentare, vieni a trovarci per renderti conto di persona della struttura e dei corsi. Per qualsiasi informazione non esitare a contattarci. KARATE Arte Marziale Arte Giapponese del combattimento e dell'autod";low;true;review_contenuti_estratti;85
csv-58;;Asd. United Sports Ceresio;Porlezza;"Via per osteno, 9";Difesa Personale;http://www.united-sports-ceresio.it/;http://www.united-sports-ceresio.it/;corsi_discipline | orari | contatti_sede;;;"pplicabili nella vita reale: lettura del contesto prevenzione e consapevolezza gestione della distanza tecniche essenziali e funzionali controllo emotivo sotto stress Non sport. Non competizione. preparazione civile. 👤 Corsi per Adulti Il corso di Krav Maga a Porlezza e Dongo dedicato a uomini e donne che vogliono: aumentare la propria sicurezza personale imparare tecniche semplici e realistiche migliorare presenza e controllo allenarsi in un ambiente serio e rispettoso Le lezioni includono simulazioni realistiche, lavoro tecnico e preparazione mentale. 👦 Corsi per Ragazzi Percorsi dedicati alla prevenzione del bullismo e alla gestione del";"Maga e Difesa Personale a Porlezza e Dongo | United Sports Ceresio Vai al contenuto principale United Sports Ceresio – Krav Maga e Difesa Personale Porlezza e Dongo Contatti TORNA A CASA - Sistema Civile FOTO Chi siamo Orari e sedi 🥋 Krav Maga e Difesa Personale Reale Porlezza & Dongo (CO) Difesa Personale Reale United Sports Ceresio Allenamento pratico per la sicurezza personale nel contesto civile reale. Per adulti e ragazzi tra Porlezza, Dongo e Lago di Como. United Sports Ceresio un associazione sportiva dilettantistica attiva tra Porlezza, Dongo e l area del Lago di Como , specializzata in Krav Maga difesa personale per adulti e ragazz";"Krav Maga e Difesa Personale a Porlezza e Dongo | United Sports Ceresio Vai al contenuto principale United Sports Ceresio – Krav Maga e Difesa Personale Porlezza e Dongo Contatti TORNA A CASA - Sistema Civile FOTO Chi siamo Orari e sedi 🥋 Krav Maga e Difesa Personale Reale Porlezza & Dongo (CO) Difesa Personale Reale United Sports Ceresio Allenamento pratico per la sicurezza personale nel contesto civile reale. Per adulti e ragazzi tra Porlezza, Dongo e Lago di Como. United Sports Ceresio un associazione sportiva dilettantistica attiva tra Porlezza, Dongo e l area del Lago di Como , specializzata in Krav Maga difesa personale per adulti e ra";"pplicabili nella vita reale: lettura del contesto prevenzione e consapevolezza gestione della distanza tecniche essenziali e funzionali controllo emotivo sotto stress Non sport. Non competizione. preparazione civile. 👤 Corsi per Adulti Il corso di Krav Maga a Porlezza e Dongo dedicato a uomini e donne che vogliono: aumentare la propria sicurezza personale imparare tecniche semplici e realistiche migliorare presenza e controllo allenarsi in un ambiente serio e rispettoso Le lezioni includono simulazioni realistiche, lavoro tecnico e preparazione mentale. 👦 Corsi per Ragazzi Percorsi dedicati alla prevenzione del bullismo e alla gestione del";low;true;review_contenuti_estratti;75
csv-59;;ASDSorepi;Varese;"Via Leonardo Da Vinci, 3A";Yoga;https://asdsorepi2023.wordpress.com/;https://asdsorepi2023.wordpress.com/attivita/;prezzi_abbonamenti | corsi_discipline | contatti_sede;;o ASD Sorepi 2023 Registrami Hai già un account WordPress.com? Accedi ora. Privacy ASD Sorepi 2023 Abbonati Abbonato Registrati Accedi Copia shortlink Segnala questo contenuto Visualizza articolo nel Reader Gestisci gli abbonamenti Riduci la barra;"LE NOSTRE ATTIVITA - ASD Sorepi 2023 Vai al contenuto Shop our newest collection on Etsy Contatti Social Eventi Novità LE NOSTRE ATTIVITA ASD Sorepi 2023 Etsy Pinterest Instagram LE NOSTRE ATTIVITA Presso ASDSorepi 2023, offriamo attività di yoga e psicomotricità per bambini dai 3 ai 10 anni. Unisciti a noi e scopri come lo sport possa migliorare il benessere fisico e mentale dei tuoi bambini. attività individuale Dalle 18 alle 19 il Mercoledì e il Giovedì, si svolgono diverse attività che attirano l'attenzione dei partecipanti, offrendo un'occasione ideale per socializzare e apprendere. Registrati attività di gruppo Attiv";;"LE NOSTRE ATTIVITA - ASD Sorepi 2023 Vai al contenuto Shop our newest collection on Etsy Contatti Social Eventi Novità LE NOSTRE ATTIVITA ASD Sorepi 2023 Etsy Pinterest Instagram LE NOSTRE ATTIVITA Presso ASDSorepi 2023, offriamo attività di yoga e psicomotricità per bambini dai 3 ai 10 anni. Unisciti a noi e scopri come lo sport possa migliorare il benessere fisico e mentale dei tuoi bambini. attività individuale Dalle 18 alle 19 il Mercoledì e il Giovedì, si svolgono diverse attività che attirano l'attenzione dei partecipanti, offrendo un'occasione ideale per socializzare e apprendere. Registrati attività di gruppo Attività svolta con altri";"LE NOSTRE ATTIVITA - ASD Sorepi 2023 Vai al contenuto Shop our newest collection on Etsy Contatti Social Eventi Novità LE NOSTRE ATTIVITA ASD Sorepi 2023 Etsy Pinterest Instagram LE NOSTRE ATTIVITA Presso ASDSorepi 2023, offriamo attività di yoga e psicomotricità per bambini dai 3 ai 10 anni. Unisciti a noi e scopri come lo sport possa migliorare il benessere fisico e mentale dei tuoi bambini. attività individuale Dalle 18 alle 19 il Mercoledì e il Giovedì, si svolgono diverse attività che attirano l'attenzione dei partecipanti, offrendo un'occasione ideale per socializzare e apprendere. Registrati attività di gruppo Attiv";low;true;review_contenuti_estratti;85
csv-60;;Atelier11;Busto Arsizio;"Piazza XXV Aprile, 11a";Pilates;http://www.atelier11.it/;;;;;;;;;none;true;nessun_contenuto_estratto;0
csv-61;;Athletic Form | Palestra | Hyrox Center Chiasso;Chiasso;Corso S. Gottardo 88;CrossFit;http://www.athleticformch.com/;;;;;;;;;none;true;nessun_contenuto_estratto;0
csv-62;;Athletik Club 90 SA;Sementina;"Via Pobbia 6, Casella Postale 10";Fitness;http://www.athletikclub90.ch/;http://www.athletikclub90.ch/;corsi_discipline;;;"Athletik Club 90 ATHLETIK CLUB 90 Athletik Club 90 è lieto di accoglierti e di soddisfare, in modo semplice e famigliare, tutte le tue esigenze. Esteso su una superficie di 1000 m², il centro si divide in 3 sezioni (Fitness – Corsi – Relax) dedicate al tuo benessere psico-fisico. Nelle diverse sale opera un team qualificato e professionale, pronto a offrirti servizi mirati al raggiungimento dei tuoi obiettivi. Athletik Club 90 è membro della Federazione Svizzera dei Centri Fitness e di Salute ed è riconosciuto dalle casse malati, garantito dal marchio Qualicert. Via Pobbia 6 - CP 10 6514 Sementina +41 91 857 65 57 info@athletikclub90.ch CONTA";;;"Athletik Club 90 ATHLETIK CLUB 90 Athletik Club 90 è lieto di accoglierti e di soddisfare, in modo semplice e famigliare, tutte le tue esigenze. Esteso su una superficie di 1000 m², il centro si divide in 3 sezioni (Fitness – Corsi – Relax) dedicate al tuo benessere psico-fisico. Nelle diverse sale opera un team qualificato e professionale, pronto a offrirti servizi mirati al raggiungimento dei tuoi obiettivi. Athletik Club 90 è membro della Federazione Svizzera dei Centri Fitness e di Salute ed è riconosciuto dalle casse malati, garantito dal marchio Qualicert. Via Pobbia 6 - CP 10 6514 Sementina +41 91 857 65 57 info@athletikclub90.ch CONTA";low;true;review_contenuti_estratti;25
csv-63;;AtX Training Lab;Varese;"Viale Luigi Borri, 311";Fitness;https://www.athletixtl.com/;https://www.athletixtl.com/carrello-costo-47-euro/;prezzi_abbonamenti | corsi_discipline | orari;47 €;"🛒 Perché il secondo carrello costa 47 € in più? Scopri il mistero! 🤔 Vai al contenuto BOXE MMA BODYBUILDING KARATE UFC Menu BOXE MMA BODYBUILDING KARATE UFC UFC Acquistiamo le stesse paste, lo stesso latte, lo stesso burro: eppure, ogni secondo carrello costa 47 € in più… Par Ivan .Ubago.16 Pubblicato il giovedì 23 Aprile 2026 Aggiornato il23/04/2026 In breve: 💸 Gli italiani continuano a pagare fino a 47 € in più per gli stessi prodotti alimentari come paste, latte e burro, semplicemente scegliendo un diverso supermercato. Lidl si impone come la scelta più economica grazie al suo modello basato sulle marche del distributore (MDD), con prez";"🛒 Perché il secondo carrello costa 47 € in più? Scopri il mistero! 🤔 Vai al contenuto BOXE MMA BODYBUILDING KARATE UFC Menu BOXE MMA BODYBUILDING KARATE UFC UFC Acquistiamo le stesse paste, lo stesso latte, lo stesso burro: eppure, ogni secondo carrello costa 47 € in più… Par Ivan .Ubago.16 Pubblicato il giovedì 23 Aprile 2026 Aggiornato il23/04/2026 In breve: 💸 Gli italiani continuano a pagare fino a 47 € in più per gli stessi prodotti alimentari come paste, latte e burro, semplicemente scegliendo un diverso supermercato. Lidl si impone come la scelta più economica grazie al suo modello basato sulle marche del distributore (MDD), con prez";"e al suo modello basato sulle marche del distributore (MDD), con prezzi medi 23% inferiori rispetto a Carrefour. 🛒 La spesa intelligente richiede non solo la scelta del negozio, ma anche il momento giusto: il mercoledì mattina si rivelano cruciali per approfittare delle promozioni più vantaggiose. 🕒 Infine, l’idea che la qualità delle MDD sia inferiore è ormai superata, con numerosi studi a confermarne la validità nutrizionale e la corrispondenza alla qualità delle grandi marche. Sommario Risparmiare sulla spesa quotidiana: differenze di prezzo tra supermercati Le differenze di prezzo nei reparti chiave della spesa alimentare Quando fare la";;"🛒 Perché il secondo carrello costa 47 € in più? Scopri il mistero! 🤔 Vai al contenuto BOXE MMA BODYBUILDING KARATE UFC Menu BOXE MMA BODYBUILDING KARATE UFC UFC Acquistiamo le stesse paste, lo stesso latte, lo stesso burro: eppure, ogni secondo carrello costa 47 € in più… Par Ivan .Ubago.16 Pubblicato il giovedì 23 Aprile 2026 Aggiornato il23/04/2026 In breve: 💸 Gli italiani continuano a pagare fino a 47 € in più per gli stessi prodotti alimentari come paste, latte e burro, semplicemente scegliendo un diverso supermercato. Lidl si impone come la scelta più economica grazie al suo modello basato sulle marche del distributore (MDD), con prez";low;true;review_contenuti_estratti;100
csv-64;;Aura Fitness Lounge & Spa;Arbedo-Castione;Via S. Gottardo 24;Fitness;https://aurafitnesslounge.ch/;https://aurafitnesslounge.ch/;prezzi_abbonamenti | corsi_discipline | orari | contatti_sede;790 CHF;Main Home - Aura Fitness Lounge&Lounge Skip to the content Palestra Abbonamenti Personal training Corsi Spa Massaggi e pacchetti SPA Tariffario Chi siamo Contattaci Chi siamo Palestra Spa Servizi Allenamenti in palestra Circuit training Personal training Preparazione atletica Relax in Spa Massaggio Spa Private Spa Tariffe Abbonamento palestra Abbonamento Palestra + Spa Abbonamento Spa Tariffario Corsi Orari Contattaci Prevendita PALESTRA APERTA h24 PACCHETTI DA 790 CHF FITNESS SOlo il meglio per i tuoi allenamenti Un'ampia gamma di attrezzature moderne e un ambiente confortevole per i tuoi allenamenti. Che tu sia un principiante o un atleta e;Main Home - Aura Fitness Lounge&Lounge Skip to the content Palestra Abbonamenti Personal training Corsi Spa Massaggi e pacchetti SPA Tariffario Chi siamo Contattaci Chi siamo Palestra Spa Servizi Allenamenti in palestra Circuit training Personal training Preparazione atletica Relax in Spa Massaggio Spa Private Spa Tariffe Abbonamento palestra Abbonamento Palestra + Spa Abbonamento Spa Tariffario Corsi Orari Contattaci Prevendita PALESTRA APERTA h24 PACCHETTI DA 790 CHF FITNESS SOlo il meglio per i tuoi allenamenti Un'ampia gamma di attrezzature moderne e un ambiente confortevole per i tuoi allenamenti. Che tu sia un principiante;"pa Servizi Allenamenti in palestra Circuit training Personal training Preparazione atletica Relax in Spa Massaggio Spa Private Spa Tariffe Abbonamento palestra Abbonamento Palestra + Spa Abbonamento Spa Tariffario Corsi Orari Contattaci Prevendita PALESTRA APERTA h24 PACCHETTI DA 790 CHF FITNESS SOlo il meglio per i tuoi allenamenti Un'ampia gamma di attrezzature moderne e un ambiente confortevole per i tuoi allenamenti. Che tu sia un principiante o un atleta esperto, troverai tutto ciò di cui hai bisogno per raggiungere i tuoi obiettivi sportivi e di benessere fisico. scopri di più SPA solo il meglio per il tuo benessere Concediti un momento";"a 24 ore su 24 per gli abbonati con braccialetto. Personal trainer presenti nei seguenti orari: Lu - Ve 08.30 - 13.00 / 14.00 - 20.30 Sa - Do 09.45 - 13.00 / 14.00 - 19.15 Spa Lu - Ve 10.00 - 20.00 Sa - Do 10.00 - 19.00 indirizzo via San Gottardo 24 CH–6532 Castione +41 91 820 12 88 info@aurafitnesslounge.ch rimani connesso See More © 2023 AURA Fitness Lounge & Spa, All rights reserved | Privacy Policy | Designed by Inside of a dog";Main Home - Aura Fitness Lounge&Lounge Skip to the content Palestra Abbonamenti Personal training Corsi Spa Massaggi e pacchetti SPA Tariffario Chi siamo Contattaci Chi siamo Palestra Spa Servizi Allenamenti in palestra Circuit training Personal training Preparazione atletica Relax in Spa Massaggio Spa Private Spa Tariffe Abbonamento palestra Abbonamento Palestra + Spa Abbonamento Spa Tariffario Corsi Orari Contattaci Prevendita PALESTRA APERTA h24 PACCHETTI DA 790 CHF FITNESS SOlo il meglio per i tuoi allenamenti Un'ampia gamma di attrezzature moderne e un ambiente confortevole per i tuoi allenamenti. Che tu sia un principiante;low;true;review_contenuti_estratti;115
csv-65;;AYAH EXPERIENCE;Saronno;"Via S. Solutore, 21";Yoga;https://www.ayahexperience.com/;https://www.ayahexperience.com/;corsi_discipline;;;"--> Ayahexperience | Yoga experience top of page Home About Me Services Experiences Contact Blog More Use tab to navigate through the menu items. Curated Yoga & Mindfulness Experiences for Hotels, Retreats & Corporate Wellbeing AYAH Experience creates tailored wellness programs for hotels, resorts, corporate meetings and retreats across Italy, Kenya and international destinations. Welcome to AYAH ​ ​ AYAH (Aisha s Yoga Awareness and Hospitality) was born from the fusion of ancient yogic traditions and high-end hospitality. Our mission is to create transformative wellness experiences, helping individuals connect with themselves throug";;;"--> Ayahexperience | Yoga experience top of page Home About Me Services Experiences Contact Blog More Use tab to navigate through the menu items. Curated Yoga & Mindfulness Experiences for Hotels, Retreats & Corporate Wellbeing AYAH Experience creates tailored wellness programs for hotels, resorts, corporate meetings and retreats across Italy, Kenya and international destinations. Welcome to AYAH ​ ​ AYAH (Aisha s Yoga Awareness and Hospitality) was born from the fusion of ancient yogic traditions and high-end hospitality. Our mission is to create transformative wellness experiences, helping individuals connect with themselves throug";low;true;review_contenuti_estratti;25
csv-67;;Ayur.Yoga Ticino;Bellinzona;Via S. Giovanni 9;Yoga;https://yellow.local.ch/d/IUSgYGfn33CwRjVCeRuYWg;;;;;;;;;none;true;nessun_contenuto_estratto;0
csv-69;;Bali Yoga - Corsi Yoga a Milano Centro;Milano;"Via Marghera, 43";Yoga;http://www.baliyoga.it/utm_source=GoogleMyBusiness&utm_medium=GMB_ViaMarghera;;;;;;;;;none;true;nessun_contenuto_estratto;0
csv-74;;Belady Fitness Club Lugano;Lugano;Via Serafino Balestra 9;Fitness;https://belady.ch/;https://belady.ch/contatti;corsi_discipline | orari | contatti_sede;;;"Contatti - Belady - Centro fitness per sole donne Skip to content Skip to footer Home Chi siamo Servizi Metodo e innovazione Collaborazioni Contatti Area Riservata Facebook Instagram Close Home Chi siamo Servizi Metodo e innovazione Collaborazioni Contatti Area Riservata Have a Project? info@website.com Want to Work With Us? Send Brief Want to Buy Hardware? Go to Shop Contattaci Per informazioni Compila il form Ho letto e accetto il trattamento dei miei dati personali secondo quanto indicato nella Privacy Policy . Orari di apertura Dal Lunedi al Venerdi dalle 6.30 alle 19.30 Sabato: solo su appuntamento Indirizzo Via Serafino Balestra, 9 6";".com Want to Work With Us? Send Brief Want to Buy Hardware? Go to Shop Contattaci Per informazioni Compila il form Ho letto e accetto il trattamento dei miei dati personali secondo quanto indicato nella Privacy Policy . Orari di apertura Dal Lunedi al Venerdi dalle 6.30 alle 19.30 Sabato: solo su appuntamento Indirizzo Via Serafino Balestra, 9 6900 Lugano Contattaci Telefono: (+41) 078 7324994 E-mail: info@belady.ch Belady e FisioEquilibrium Group lavorano in sinergia per offrire un percorso completo che unisce allenamento, prevenzione e competenze scientifiche. Contatti Sede — Via Serafino Balestra, 9 6900 Lugano info@belady.ch (+41) 078 732";Contatti - Belady - Centro fitness per sole donne Skip to content Skip to footer Home Chi siamo Servizi Metodo e innovazione Collaborazioni Contatti Area Riservata Facebook Instagram Close Home Chi siamo Servizi Metodo e innovazione Collaborazioni Contatti Area Riservata Have a Project? info@website.com Want to Work With Us? Send Brief Want to Buy Hardware? Go to Shop Contattaci Per informazioni Compila il form Ho letto e accetto il trattamento dei miei dati personali secondo quanto indicato nella Privacy Policy . Orari di apertura Dal Lunedi al Venerdi dalle 6.30 alle 19.30 Sabato: solo su appuntamento Indirizzo;"Contatti - Belady - Centro fitness per sole donne Skip to content Skip to footer Home Chi siamo Servizi Metodo e innovazione Collaborazioni Contatti Area Riservata Facebook Instagram Close Home Chi siamo Servizi Metodo e innovazione Collaborazioni Contatti Area Riservata Have a Project? info@website.com Want to Work With Us? Send Brief Want to Buy Hardware? Go to Shop Contattaci Per informazioni Compila il form Ho letto e accetto il trattamento dei miei dati personali secondo quanto indicato nella Privacy Policy . Orari di apertura Dal Lunedi al Venerdi dalle 6.30 alle 19.30 Sabato: solo su appuntamento Indirizzo Via Serafino Balestra, 9 6";low;true;review_contenuti_estratti;85
csv-78;;BhagaYoga;Castellanza;"Via Camillo Cavour, 5";Yoga;https://www.byoga.org/;;;;;;;;;none;true;nessun_contenuto_estratto;0
csv-79;;Bienfitstudio;Lugano;Via Antonio Vanoni 7;Fitness;http://www.bienfitstudio.ch/;https://www.bienfitstudio.ch/contatti;orari | contatti_sede;;;;"facoltativo) Accetto l'informativa sulla privacy* Vieni a trovarci Via Antonio Vanoni 7, Lugano bienfitstudio@hotmail.com Tel:+41 77 905 05 55 Instagram Facebook-f Bien Fit Studio Via A. Vanoni, 7 Lugano Bien Fit Studio Orari Lun – Ven: 08:00 – 19:00 Sab: 8:00 – 12:00 Promozioni Contatti bienfitstudio@hotmail.com +41 77 905 05 55 Riconosciuti dalle cassa malati QualiCert - sigillo di qualità al vostro servizio. Powered by Antonio Maio Web Privacy Policy Cookie policy Home Chi siamo Servizi Promo Contatti Instagram Facebook-f Gestisci Consenso Cookie Per fornire le migliori esperienze, utilizziamo tecnologie come i cookie per memorizzare e/o a";"Contatti - BienFit Studio - Personal trainer Close Home Chi siamo Servizi Contatti - Instagram Facebook Home Chi siamo Servizi Promozioni Contatti Instagram Facebook-f Home Chi siamo Servizi Promozioni Contatti Instagram Facebook-f specializzato in allenamento individuale Via Antonio Vanoni 7, Lugano E-mail: bienfitstudio@hotmail.com Tel:+41 77 905 05 55 Mappa specializzato in allenamento individuale È ora di iniziare 1 Motivazione Trova la tua motivazione niente è impossibile 2 Inspirazione Lasciati ispirare dai nostri allenamenti personalizzati 3 Inizia Non è mai troppo tardi per recuperare la tua forma fisica";"Contatti - BienFit Studio - Personal trainer Close Home Chi siamo Servizi Contatti - Instagram Facebook Home Chi siamo Servizi Promozioni Contatti Instagram Facebook-f Home Chi siamo Servizi Promozioni Contatti Instagram Facebook-f specializzato in allenamento individuale Via Antonio Vanoni 7, Lugano E-mail: bienfitstudio@hotmail.com Tel:+41 77 905 05 55 Mappa specializzato in allenamento individuale È ora di iniziare 1 Motivazione Trova la tua motivazione niente è impossibile 2 Inspirazione Lasciati ispirare dai nostri allenamenti personalizzati 3 Inizia Non è mai troppo tardi per recuperare la tua forma fisica";low;true;review_contenuti_estratti;60
csv-83;;BODY BALANCE SSD - Venegono Inferiore;Venegono Inferiore;"Via F. Lli Kennedy, 19";Pilates;https://www.bb-bodybalance.it/;https://www.bb-bodybalance.it/;prezzi_abbonamenti | corsi_discipline | orari;;"a al fitness e alla salute con metodo PILATES REFORMER e MATWORK Via Fratelli Kennedy, 19, 21040 Venegono Inferiore VA Chatta con noi LEZIONE PROVA e INFORMAZIONI Compila il form, riceverai tutte le info su condizioni e prezzi oltre l'opportunità di provare una lezione con sconto 40% Invia PRIVACY POLICY in linea con il Regolamento UE 2016/679 (GDPR), Pilates Classico vs Pilates Contemporaneo: Scopri l’Approccio di Body Balance Studio Se ti sei mai avvicinato al mondo del Pilates, probabilmente avrai sentito parlare delle differenze tra il Pilates classico e quello contemporaneo. Ma cosa distingue questi due approcci? E perché presso Body Bal";"Body Balance Venegono Orari corsi Contattaci Chatta per info PILATES BOUTIQUE GINNASTICA FINALIZZATA AL FITNESS A E ALLA SALUTE Uno spazio raccolto e riservato dove fare ginnastica finalizzata al fitness e alla salute con metodo PILATES REFORMER e MATWORK Via Fratelli Kennedy, 19, 21040 Venegono Inferiore VA Chatta con noi LEZIONE PROVA e INFORMAZIONI Compila il form, riceverai tutte le info su condizioni e prezzi oltre l'opportunità di provare una lezione con sconto 40% Invia PRIVACY POLICY in linea con il Regolamento UE 2016/679 (GDPR), Pilates Classico vs Pilates Contemporaneo: Scopri l’Approccio di Body Balance Studio Se ti sei mai avvi";"Body Balance Venegono Orari corsi Contattaci Chatta per info PILATES BOUTIQUE GINNASTICA FINALIZZATA AL FITNESS A E ALLA SALUTE Uno spazio raccolto e riservato dove fare ginnastica finalizzata al fitness e alla salute con metodo PILATES REFORMER e MATWORK Via Fratelli Kennedy, 19, 21040 Venegono Inferiore VA Chatta con noi LEZIONE PROVA e INFORMAZIONI Compila il form, riceverai tutte le info su condizioni e prezzi oltre l'opportunità di provare una lezione con sconto 40% Invia PRIVACY POLICY in linea con il Regolamento UE 2016/679 (GDPR), Pilates Classico vs Pilates Contemporaneo: Scopri l’Approccio di Body Balance Studio Se ti sei ma";;"Body Balance Venegono Orari corsi Contattaci Chatta per info PILATES BOUTIQUE GINNASTICA FINALIZZATA AL FITNESS A E ALLA SALUTE Uno spazio raccolto e riservato dove fare ginnastica finalizzata al fitness e alla salute con metodo PILATES REFORMER e MATWORK Via Fratelli Kennedy, 19, 21040 Venegono Inferiore VA Chatta con noi LEZIONE PROVA e INFORMAZIONI Compila il form, riceverai tutte le info su condizioni e prezzi oltre l'opportunità di provare una lezione con sconto 40% Invia PRIVACY POLICY in linea con il Regolamento UE 2016/679 (GDPR), Pilates Classico vs Pilates Contemporaneo: Scopri l’Approccio di Body Balance Studio Se ti sei mai avvi";low;true;review_contenuti_estratti;75
csv-87;;BodyClub Fitness;Muralto;Via S. Gottardo 1;CrossFit;https://www.bodyclub.ch/;https://bodyclub.ch/entrate-e-abbonamenti/;prezzi_abbonamenti | corsi_discipline | orari;;"Abbonamenti ed entrate | Body Club Palestra Personal trainer EMS Chi sono Abbonamenti Contatto CrossFit Menu Menu Scorrere alla sezione successiva Scorrere alla sezione successiva PALESTRA BODY CLUB PERSONAL TRAINER SIMONA NAPOLEONI ELETTROSTIMOLAZIONE WIEMSPRO SYSTEM PALESTRA BODY CLUB PERSONAL TRAINER Simona Napoleoni EMS Elettrostimolazione Prec Prec Prec Succ Succ Succ Abbonamenti ed entrate Palestra, Personal Trainer e EMS Elettrostimolazione Palestra Body Club Aperto dalle 6:00 alle 24:00 Numero limitato di tessere/membri Possibile pagamento rateale Sconti per personal trainer Sconti per WIEMSPRO Iscriviti";"Abbonamenti ed entrate | Body Club Palestra Personal trainer EMS Chi sono Abbonamenti Contatto CrossFit Menu Menu Scorrere alla sezione successiva Scorrere alla sezione successiva PALESTRA BODY CLUB PERSONAL TRAINER SIMONA NAPOLEONI ELETTROSTIMOLAZIONE WIEMSPRO SYSTEM PALESTRA BODY CLUB PERSONAL TRAINER Simona Napoleoni EMS Elettrostimolazione Prec Prec Prec Succ Succ Succ Abbonamenti ed entrate Palestra, Personal Trainer e EMS Elettrostimolazione Palestra Body Club Aperto dalle 6:00 alle 24:00 Numero limitato di tessere/membri Possibile pagamento rateale Sconti per personal trainer Sconti per WIEMSPRO Iscriviti Palestra Abbonamenti 1 mese pa";"ol sistema EMS weimsPro (nuovo sistema ad elettrostimolazione) Allenamento individuale in palestra con schede d’allenamento su misura. EMS Personal training 10 volte 499.- 30 volte 1199.- 10 volte coppia 399.- / persona Orari palestra Aperto da lunedì a domenica dalle 6h00 alle 24h00 Personal trainer Solo tramite appuntamento Elettrostimolazione WIEMPRO Solo tramite appuntamento Per qualsiasi informazione non esitare a contattarci. Abbonamenti palestra, appuntamenti personal trainer e sessioni elettrostimolazione Contattaci Seguici su © Body Club - made by studio daulte Scorrere verso l alto Scorrere verso l alto Scorrere verso l alto Questo";;"Abbonamenti ed entrate | Body Club Palestra Personal trainer EMS Chi sono Abbonamenti Contatto CrossFit Menu Menu Scorrere alla sezione successiva Scorrere alla sezione successiva PALESTRA BODY CLUB PERSONAL TRAINER SIMONA NAPOLEONI ELETTROSTIMOLAZIONE WIEMSPRO SYSTEM PALESTRA BODY CLUB PERSONAL TRAINER Simona Napoleoni EMS Elettrostimolazione Prec Prec Prec Succ Succ Succ Abbonamenti ed entrate Palestra, Personal Trainer e EMS Elettrostimolazione Palestra Body Club Aperto dalle 6:00 alle 24:00 Numero limitato di tessere/membri Possibile pagamento rateale Sconti per personal trainer Sconti per WIEMSPRO Iscriviti Palestra Abbonamenti 1 mese pa";low;true;review_contenuti_estratti;85
csv-90;;Boxe Club Locarno;Locarno;via alla Morettina 9A;Boxe;http://www.boxeclublocarno.ch/;https://www.boxeclublocarno.ch/corsi;prezzi_abbonamenti | corsi_discipline | contatti_sede;;"ti / agonisti ​ luned , mercoled , venerd ​ 19:00 - 20:30 ​ ​ ​ ​ femminile marted 18:00 - 20:00 ​ ​ ​ ​ ​ bambini luned , mercoled , venerd ​ ​ ​ ​ 16:45 - 18:00 allenamento fitness femminile marted 18:00 - 19:30 ​ ​ ​ iscrizioni Iscriviti direttamente in palestra ! Allenamento di prova tutte le sere 18:15 - 20:00 10.- CHf boxe club locarno via alla morettina 9a CH - 6600 locarno +41 79 793 39 32 americofernandes61@hotmail.com info@boxeclublocarno.ch main partners 2025 by ミレナ bottom of page";"--> corsi | Boxe Club Locarno top of page Mail home BCL presidente palestra corsi pugili eventi galleria contatti corsi allenamento boxe olimpica ​ dilettanti / agonisti ​ luned , mercoled , venerd ​ 19:00 - 20:30 ​ ​ ​ ​ amatoriale luned , mercoled , venerd 18:00 - 19:00 ​ ​ ​ allenamento light boxe contact ​ dilettanti / agonisti ​ luned , mercoled , venerd ​ 19:00 - 20:30 ​ ​ ​ ​ femminile marted 18:00 - 20:00 ​ ​ ​ ​ ​ bambini luned , mercoled , venerd ​ ​ ​ ​ 16:45 - 18:00 allenamento fitness femminile marted 18:00 - 19:30 ​ ​ ​ iscrizioni Iscriviti direttamente in palestra ! Allenamento di prova tutte le sere 1";;"--> corsi | Boxe Club Locarno top of page Mail home BCL presidente palestra corsi pugili eventi galleria contatti corsi allenamento boxe olimpica ​ dilettanti / agonisti ​ luned , mercoled , venerd ​ 19:00 - 20:30 ​ ​ ​ ​ amatoriale luned , mercoled , venerd 18:00 - 19:00 ​ ​ ​ allenamento light boxe contact ​ dilettanti / agonisti ​ luned , mercoled , venerd ​ 19:00 - 20:30 ​ ​ ​ ​ femminile marted 18:00 - 20:00 ​ ​ ​ ​ ​ bambini luned , mercoled , venerd ​ ​ ​ ​ 16:45 - 18:00 allenamento fitness femminile marted 18:00 - 19:30 ​ ​ ​ iscrizioni Iscriviti direttamente in palestra ! Allenamento di prova tutte le sere 18:15 - 20:00 10.- CHf boxe";"--> corsi | Boxe Club Locarno top of page Mail home BCL presidente palestra corsi pugili eventi galleria contatti corsi allenamento boxe olimpica ​ dilettanti / agonisti ​ luned , mercoled , venerd ​ 19:00 - 20:30 ​ ​ ​ ​ amatoriale luned , mercoled , venerd 18:00 - 19:00 ​ ​ ​ allenamento light boxe contact ​ dilettanti / agonisti ​ luned , mercoled , venerd ​ 19:00 - 20:30 ​ ​ ​ ​ femminile marted 18:00 - 20:00 ​ ​ ​ ​ ​ bambini luned , mercoled , venerd ​ ​ ​ ​ 16:45 - 18:00 allenamento fitness femminile marted 18:00 - 19:30 ​ ​ ​ iscrizioni Iscriviti direttamente in palestra ! Allenamento di prova tutte le sere 1";low;true;review_contenuti_estratti;85
csv-91;;Boxing Fighter's Varese;Varese;"Via Giuseppe Giusti, 7";Boxe;https://12932-boxingfighters-it.sitebuilder-it.webapps.net/;https://12932-boxingfighters-it.sitebuilder-it.webapps.net/;corsi_discipline | orari | contatti_sede;;;"e Virno , ex pugile professionista. Fin dall'inizio, Salvatore ha svolto la sua attività con integrità , passione e profondo amore per il pugilato, insegnando ai suoi allievi l'importanza delle fondamentali regole della boxe: rispetto , educazione , supporto e solidarietà tra compagni. Galleria immagini Testimonianze Palestra ottima per imparare seriamente il pugilato. Gli allenamenti sono stimolanti e sempre vari. Il maestro ci mette passione e impegno. La consiglio a tutti, io personalmente penso che sia la migliore palestra della zona. Lorenzo Vitalone È da abbastanza tempo che frequento la palestra per poter dire che è una delle migliori!";"vvero stimolante. Ho riscoperto l'amore per l'attività fisica ottenendo risultati grazie all'attenzione riservata agli allievi. Inoltre ho conosciuto tantissimi nuovi amici. Consiglio vivamente. Iris Marangia Contatti e orari Boxing Fighter's Varese Via Giuseppe Giusti 7, 21100, Varese 340 508 4131 boxingfightersvarese@gmail.com Lunedì - Mercoledì - Venerdì 10;30 - 12:00 17:30 - 19:00 19:00 - 20:30 Martedì - Giovedì 17:30 - 19:00 19:00 - 20:30 Corso donne Lunedì - Mercoledì - Giovedì 20:30 - 22:00 © 2026 Tutti i diritti riservati | Boxing Fighter's Varese Cookies Utilizziamo i cookie per consentire il corretto funzionamento e la sicurezza del";"gruppo è davvero stimolante. Ho riscoperto l'amore per l'attività fisica ottenendo risultati grazie all'attenzione riservata agli allievi. Inoltre ho conosciuto tantissimi nuovi amici. Consiglio vivamente. Iris Marangia Contatti e orari Boxing Fighter's Varese Via Giuseppe Giusti 7, 21100, Varese 340 508 4131 boxingfightersvarese@gmail.com Lunedì - Mercoledì - Venerdì 10;30 - 12:00 17:30 - 19:00 19:00 - 20:30 Martedì - Giovedì 17:30 - 19:00 19:00 - 20:30 Corso donne Lunedì - Mercoledì - Giovedì 20:30 - 22:00 © 2026 Tutti i diritti riservati | Boxing Fighter's Varese Cookies Utilizziamo i cookie per consentire il corretto funzionamento e la si";"e Virno , ex pugile professionista. Fin dall'inizio, Salvatore ha svolto la sua attività con integrità , passione e profondo amore per il pugilato, insegnando ai suoi allievi l'importanza delle fondamentali regole della boxe: rispetto , educazione , supporto e solidarietà tra compagni. Galleria immagini Testimonianze Palestra ottima per imparare seriamente il pugilato. Gli allenamenti sono stimolanti e sempre vari. Il maestro ci mette passione e impegno. La consiglio a tutti, io personalmente penso che sia la migliore palestra della zona. Lorenzo Vitalone È da abbastanza tempo che frequento la palestra per poter dire che è una delle migliori!";low;true;review_contenuti_estratti;75
csv-92;;Boxing Team Luganese;Lugano;Via alla Stampa;Boxe;http://www.boxingteamluganese.ch/;;;;;;;;;none;true;nessun_contenuto_estratto;0
csv-97;;BU-SEN VERBANO JUDO;Germignaga;"Via ai Ronchi, 3";Judo;https://www.busenverbanojudo.it/;https://www.busenverbanojudo.it/2024/09/10/inizio-corsi-2024/;prezzi_abbonamenti | corsi_discipline | orari | contatti_sede;;"il 16 settembre a Germignaga e il 17 settembre a Cuveglio. Lezioni di prova: Chiunque può presentarsi in qualunque momento durante i corsi a fare una lezione di prova, basta una tuta da ginnastica. Per quanto riguarda i costi e agevolazioni alcune cose sono rimaste invariate, altre sono cambiate. Di seguito un riepilogo: Costi: Il pagamento è trimestrale (sett-ott-nov / dic-gen-feb / mar-apr-mag), in aggiunta all'iscrizione annuale e all'iscrizione al torneo provinciale. . Tariffa unica che permetterà di partecipare fino a 4 allenamenti settimanali (2 a Germignaga e 2 a Cuveglio). Entro la seconda lezione si deve portare il modulo di iscrizio";"Inizio corsi 2024 - Bu-Sen Verbano Judo Vai al contenuto Home il Dojo Staff News Contatti Menu di navigazione Menu di navigazione Home il Dojo Staff News Contatti Home News Inizio corsi 2024 Inizio corsi 2024 Le lezioni di judo ricominceranno il 16 settembre a Germignaga e il 17 settembre a Cuveglio. Lezioni di prova: Chiunque può presentarsi in qualunque momento durante i corsi a fare una lezione di prova, basta una tuta da ginnastica. Per quanto riguarda i costi e agevolazioni alcune cose sono rimaste invariate, altre sono cambiate. Di seguito un riepilogo: Costi: Il pagamento è trimestrale (sett-ott-nov / dic-gen-feb";"basta una tuta da ginnastica. Per quanto riguarda i costi e agevolazioni alcune cose sono rimaste invariate, altre sono cambiate. Di seguito un riepilogo: Costi: Il pagamento è trimestrale (sett-ott-nov / dic-gen-feb / mar-apr-mag), in aggiunta all'iscrizione annuale e all'iscrizione al torneo provinciale. . Tariffa unica che permetterà di partecipare fino a 4 allenamenti settimanali (2 a Germignaga e 2 a Cuveglio). Entro la seconda lezione si deve portare il modulo di iscrizione, soldi e certificato medico se scaduto. Quindi entro la seconda lezione si paga l'iscrizione annuale + ottobre + novembre + torneo. Sul sito del CSI Varese trovate";"Inizio corsi 2024 - Bu-Sen Verbano Judo Vai al contenuto Home il Dojo Staff News Contatti Menu di navigazione Menu di navigazione Home il Dojo Staff News Contatti Home News Inizio corsi 2024 Inizio corsi 2024 Le lezioni di judo ricominceranno il 16 settembre a Germignaga e il 17 settembre a Cuveglio. Lezioni di prova: Chiunque può presentarsi in qualunque momento durante i corsi a fare una lezione di prova, basta una tuta da ginnastica. Per quanto riguarda i costi e agevolazioni alcune cose sono rimaste invariate, altre sono cambiate. Di seguito un riepilogo: Costi: Il pagamento è trimestrale (sett-ott-nov / dic-gen-feb / mar-apr-mag), in agg";"Inizio corsi 2024 - Bu-Sen Verbano Judo Vai al contenuto Home il Dojo Staff News Contatti Menu di navigazione Menu di navigazione Home il Dojo Staff News Contatti Home News Inizio corsi 2024 Inizio corsi 2024 Le lezioni di judo ricominceranno il 16 settembre a Germignaga e il 17 settembre a Cuveglio. Lezioni di prova: Chiunque può presentarsi in qualunque momento durante i corsi a fare una lezione di prova, basta una tuta da ginnastica. Per quanto riguarda i costi e agevolazioni alcune cose sono rimaste invariate, altre sono cambiate. Di seguito un riepilogo: Costi: Il pagamento è trimestrale (sett-ott-nov / dic-gen-feb";low;true;review_contenuti_estratti;110